{
  "loss": [
    1.0082752704620361,
    0.9591177105903625,
    0.9301528930664062,
    0.9226422905921936,
    0.8862531185150146,
    0.8663339018821716,
    0.8469186425209045,
    0.8450743556022644,
    0.8474932909011841,
    0.8432877659797668
  ],
  "mae": [
    0.6046298146247864,
    0.5910265445709229,
    0.5823104381561279,
    0.5854603052139282,
    0.5720709562301636,
    0.5796011686325073,
    0.5736982226371765,
    0.5811981558799744,
    0.5876744389533997,
    0.5844829082489014
  ],
  "val_loss": [
    0.7112388610839844,
    0.6988988518714905,
    0.7036409378051758,
    0.7026305794715881,
    0.7146273851394653,
    0.7093786001205444,
    0.7191529273986816,
    0.7340217232704163,
    0.7735204100608826,
    0.7955133318901062
  ],
  "val_mae": [
    0.44200238585472107,
    0.4406798183917999,
    0.46214544773101807,
    0.46639543771743774,
    0.4925128221511841,
    0.49645960330963135,
    0.5151365995407104,
    0.5523772835731506,
    0.5864071846008301,
    0.5489309430122375
  ]
}