{
  "loss": [
    0.9835578203201294,
    0.9094223380088806,
    0.884231686592102,
    0.8377708196640015,
    0.8068947196006775,
    0.7750710844993591,
    0.7347192764282227,
    0.7105326652526855,
    0.6956010460853577,
    0.7306723594665527,
    0.752210795879364,
    0.7124080657958984,
    0.6192224025726318,
    0.5942001938819885,
    0.6122726202011108,
    0.5888408422470093,
    0.5702751874923706,
    0.5927829742431641,
    0.5526440739631653
  ],
  "mae": [
    0.6411707401275635,
    0.6209615468978882,
    0.6132967472076416,
    0.6002809405326843,
    0.5864229202270508,
    0.583588719367981,
    0.5671142339706421,
    0.5750253796577454,
    0.5592200756072998,
    0.5900667905807495,
    0.6006007194519043,
    0.5939234495162964,
    0.5316862463951111,
    0.5315836668014526,
    0.543394923210144,
    0.531704306602478,
    0.5326275825500488,
    0.5423086881637573,
    0.5206713676452637
  ],
  "val_loss": [
    0.7621098756790161,
    0.7339389324188232,
    0.7384716868400574,
    0.7378804683685303,
    0.7417287826538086,
    0.7239383459091187,
    0.7730605006217957,
    0.7475330233573914,
    0.7401535511016846,
    0.8144954442977905,
    0.6813448071479797,
    0.7270673513412476,
    0.7717928290367126,
    0.7507728338241577,
    0.7781599164009094,
    0.8051759600639343,
    0.782927393913269,
    0.751803457736969,
    0.8134116530418396
  ],
  "val_mae": [
    0.5210868716239929,
    0.5101972818374634,
    0.5250154733657837,
    0.5265494585037231,
    0.5376964211463928,
    0.5392258167266846,
    0.5793602466583252,
    0.5697395205497742,
    0.5610175132751465,
    0.599418580532074,
    0.5267166495323181,
    0.5761937499046326,
    0.5873286128044128,
    0.5723985433578491,
    0.6235986948013306,
    0.6016644835472107,
    0.59788978099823,
    0.5994365215301514,
    0.615633487701416
  ]
}